scenario number,scenario id (system+first category+index),target system,alterations to system configuartion,additional context,category,injected fault,scenario description,canonical initial observations,ideal diagnosis example
1,3CC.S.1,3 cubes chain,,,Simple,Depleted battery,Battery is depleted to 0V,The lamp does not turn on when the switch is operated; The green led on top of the power supply module is off; The red led on top of the control module is off,Initial observations > belief: battery is KO > test battery > replace battery
2,3CC.S.2,3 cubes chain,,,Simple,Reversed battery polarity,Battery installed incorrectly with inverted polarity,The lamp does not turn on when the switch is operated; The green led on top of the power supply module is off; The red led on top of the control module is on,Initial observations > belief: battery is reversed > test battery > adjust battery
3,3CC.S.3,3 cubes chain,,,Simple,Crossed supply-control cables,Cables between control module and power supply module are crossed causing reverse voltage,The lamp does not turn on when the switch is operated; The green led on top of the power supply module is on; The red led on top of the control module is on,Initial observations  > belief: cables are crossed > test voltage polarity at control input > detach and reconnect cables in correct position
4,3CC.S.4,3 cubes chain,,,Simple,Disconnected switch,One of the cables connected to the switch has been detached,The lamp does not turn on when the switch is operated; The green led on top of the power supply module is on; The red led on top of the control module is off,Initial observations  > belief: load KO or an open in load or control module > observe small lamp indicator to split the possible fault location in load or control module > belief: open in control module > inspect connections inside control module > knowledge: diconnected cable > reconnect cable to switch
5,3CC.S.5,3 cubes chain,,,Simple,Burned lamp ,Burned main lamp filaments (lamp failed open),The lamp does not turn on when the switch is operated; The green led on top of the power supply module is on; The red led on top of the control module is off,Initial observations  > belief: load KO or an open in load or control module > observe small lamp indicator to split the possible fault location in load or control module> belief: lamp KO > test lamp > replace lamp
6,3CC.D.1,3 cubes chain,,,Double,Depleted battery; Crossed supply-control cables,Combination of the two failures,The lamp does not turn on when the switch is operated; The green led on top of the power supply module is off; The red led on top of the control module is off,Initial observations > belief: battery is KO > test battery > replace battery > belief: there is another failure > observe LED indicators > belief: cables are crossed > test voltage polarity at control input > detach and reconnect cables in correct position
7,3CC.D.2,3 cubes chain,,,Double,Depleted battery;  Disconnected switch,Combination of the two failures,The lamp does not turn on when the switch is operated; The green led on top of the power supply module is off; The red led on top of the control module is off,Initial observations > belief: battery is KO > test battery > replace battery > belief: there is another failure > observe LED indicators > belief: load KO or an open in load or control module > observe small lamp indicator to split the possible fault location in load or control module > belief: open in control module > inspect connections inside control module > knowledge: diconnected cable > reconnect cable to switch
8,3CC.D.3,3 cubes chain,,,Double,Depleted battery;  Burned lamp,Combination of the two failures,The lamp does not turn on when the switch is operated; The green led on top of the power supply module is off; The red led on top of the control module is off,Initial observations > belief: battery is KO > test battery > replace battery > belief: there is another failure > observe LED indicators > belief: load KO or an open in load or control module > observe small lamp indicator to split the possible fault location in load or control module> belief: lamp KO > replace lamp
9,3CC.D.4,3 cubes chain,,,Double,Reversed battery polarity;  Disconnected switch,Combination of the two failures,The lamp does not turn on when the switch is operated; The green led on top of the power supply module is off; The red led on top of the control module is on,Initial observations > belief: battery is reversed > test battery > adjust battery > belief: there is another failure > observe LED indicators > belief: load KO or an open in load or control module > observe small lamp indicator to split the possible fault location in load or control module > belief: open in control module > inspect connections inside control module > knowledge: diconnected cable > reconnect cable to switch
10,3CC.D.5,3 cubes chain,,,Double,Crossed supply-control cables; Disconnected switch,Combination of the two failures,The lamp does not turn on when the switch is operated; The green led on top of the power supply module is on; The red led on top of the control module is on,Initial observations  > belief: cables are crossed > test voltage polarity at control input > detach and reconnect cables in correct position > belief: there is another failure > observe LED indicators > belief: load KO or an open in load or control module > observe small lamp indicator to split the possible fault location in load or control module > belief: open in control module > inspect connections inside control module > knowledge: diconnected cable > reconnect cable to switch
11,3CC.M.1,3 cubes chain,,,"Misleading, Double",Reversed battery polarity; Open control LED indicator,"Combination of the two failures, misleading because the LED indicator being off suggests the battery is not reversed",The lamp does not turn on when the switch is operated; The green led on top of the power supply module is off; The red led on top of the control module is off,Initial observations > belief: battery is KO > test battery > belief: battery was incorrectly installed >  replace battery
12,3CC.M.2,3 cubes chain,,,"Misleading, Multiple",Reversed battery polarity;  Polarizing load LED open; Burned lamp,"Combination of the three failures, misleading because the LED indicator being on is not indicative of what is preventing the lamp from turning on, since the lamp is unpolarized in this configuration",The lamp does not turn on when the switch is operated; The green led on top of the power supply module is off; The red led on top of the control module is on,Initial observations > belief: battery is reversed > test battery > adjust battery > belief: there is another failure > observe LED indicators   > belief: load KO or an open in load or control module > observe small lamp indicator to split the possible fault location in load or control module> belief: lamp KO > test lamp > replace lamp
13,3CC.M.3,3 cubes chain,,,"Misleading, Double",Crossed supply-control cables; Open control LED indicator,"Combination of the two failures, misleading because the LED indicator being off suggests the cables are not crossed",The lamp does not turn on when the switch is operated; The green led on top of the power supply module is on; The red led on top of the control module is off,Initial observations  > belief: load KO or an open in load or control module > observe small lamp indicator to split the possible fault location in load or control module > belief: open in control module > inspect connections inside control module > test switch > belief: no belief > test control module input > belief: control input cables are crossed > adjust cables
14,3CC.M.4,3 cubes chain,,,"Misleading, Double",Burned lamp; Open supply LED indicator,"Combination of the two failures, misleading because the LED indicator being off suggests the issue is in the battery",The lamp does not turn on when the switch is operated; The green led on top of the power supply module is off; The red led on top of the control module is off,Initial observations > belief: battery is KO > test battery > belief: open between battery and supply LED indicator or burned supply LED inidcator > test continuity between battery and supply LED indicator > replca LED indicator > observe LED indicators  > belief: load KO or an open in load or control module > observe small lamp indicator to split the possible fault location in load or control module> belief: lamp KO > test lamp > replace lamp
15,3CC.M.5,3 cubes chain,,,"Misleading, Double",Burned lamp; Burned load lamp indicator,"Combination of the two failures, misleading because the load lamp indicator being off suggests the issues is not with the battery",The lamp does not turn on when the switch is operated; The green led on top of the power supply module is on; The red led on top of the control module is off,Initial observations  > belief: load KO or an open in load or control module > observe small lamp indicator to split the possible fault location in load or control module > belief: open in control module > inspect connections inside control module > test switch > belief: no belief > test control module input > test control module output > belief: an open in the load module > test voltage at lamp ports > belief: lamp is KO > test lamp > replace lamp
16,3CC.L.1,3 cubes chain,all indicators removed,,Limited Observability,Depleted battery,Battery is depleted,The lamp does not turn on when the switch is operated; Both the supply and contol module LED indicators are missing,Initial observations > test control input > belief: problem upstream of control module > test supply module output > belief: battery depleted > test battery > replace battery
17,3CC.L.2,3 cubes chain,all indicators removed,,Limited Observability,Reversed battery polarity,Battery installed incorrectly with inverted polarity,The lamp does not turn on when the switch is operated; Both the supply and contol module LED indicators are missing,Initial observations > test control input > belief: problem upstream of control module > test supply module output > belief: battery depleted > test battery > belief: battery installed incorrectly > adjust battery
18,3CC.L.3,3 cubes chain,all indicators removed,,Limited Observability,Crossed supply-control cables,Cables between control module and power supply module are crossed causing reverse voltage,The lamp does not turn on when the switch is operated; Both the supply and contol module LED indicators are missing,Initial observations > test control input > belief: battery or supply-control cables polarity reversed > test supply output > belief: supply-control cables reversed > adjust supply-control cables
19,3CC.L.4,3 cubes chain,all indicators removed,,Limited Observability,Disconnected switch,One of the cables connected to the switch has been detached,The lamp does not turn on when the switch is operated; Both the supply and contol module LED indicators are missing,Initial observations > test control input > belief: faut downstream of control input > test control output > fault inside control module > inspect connections inside control module > knowledge: a cable is detached > reattach cable
20,3CC.L.5,3 cubes chain,all indicators removed,,Limited Observability,Burned lamp ,Burned lamp filaments (lamp failed open),The lamp does not turn on when the switch is operated; Both the supply and contol module LED indicators are missing,Initial observations > test control input > belief: faut downstream of control input > test control output > test load input > fault inside load module > inspect connections inside control module > test lamp > knowledge: lamp failed open > replace lamp
21,3CC.I.1,3 cubes chain,,,Intermittent,Loose battery-cable connection,"One connection with the battery is loose, randomly resulting in an open circuit","The lamp occasionally turns off even when the switch is in the closed position and when this happens all LED indicators are off (otherwise the green supply module LED and the lamp are both on, while the red control module indicator is OFF)",Initial observations  > belief: connection loose between the battery and the supply module LED > inspect cables between the battery and the supply module LED > adjust cables between the battery and the supply module LED
22,3CC.I.2,3 cubes chain,,,Intermittent,Loose supply-control connection,"One connection between the supply and control modules  is loose, randomly resulting in an open circuit",The lamp occasionally turns off even when the switch is in the closed position; The green supply module LED indicator is always on; The red control module indicator is always off,"Initial observations > belief: some connection loose downstream of the supply module > [proceeds with a search of the loose connection, without being misled by non-anomalous observations taken when the connection holds]"
23,3CC.I.3,3 cubes chain,,,Intermittent,Loose switch-cable connection,"One switch port-cable connection is loose, randomly resulting in an open circuit",The lamp occasionally turns off even when the switch is in the closed position; The green supply module LED indicator is always on; The red control module indicator is always off,"Initial observations > belief: some connection loose downstream of the supply module > [proceeds with a search of the loose connection, without being misled by non-anomalous observations taken when the connection holds]"
24,3CC.I.4,3 cubes chain,,,Intermittent,Loose control-load connection,"One connection between the control and load modules  is loose, randomly resulting in an open circuit",The lamp occasionally turns off even when the switch is in the closed position; The green supply module LED indicator is always on; The red control module indicator is always off,"Initial observations > belief: some connection loose downstream of the supply module > [proceeds with a search of the loose connection, without being misled by non-anomalous observations taken when the connection holds]"
25,3CC.I.5,3 cubes chain,,,Intermittent,Loose lamp-cable connection,"One lamp-cable connection is loose, randomly resulting in an open circuit",The lamp occasionally turns off even when the switch is in the closed position; The green supply module LED indicator is always on; The red control module indicator is always off,"Initial observations > belief: some connection loose downstream of the supply module > [proceeds with a search of the loose connection, without being misled by non-anomalous observations taken when the connection holds]"
26,10CC.S.1,10 cubes chain,,,Simple,Depleted battery,Battery is depleted to 0V,The led on the power supply module is off; All the leds on the control modules are off; The lamp does not turn on when battery is inserted and all switches are on,Initial observations > belief: battery is KO > test battery > replace battery
27,10CC.S.2,10 cubes chain,,,Simple,Disconnected switch 3,One of the cables connected to switch 3 has been detached,"The led on the power supply module is on; All the leds on the control modules before and including number 3 are off, the others are on; The lamp does not turn on when battery is inserted and all switches are on",Initial observations > belief: open somewhere just after control module 2 > inspect connections in control module 3 > adjust cable
28,10CC.S.3,10 cubes chain,,,Simple,Disconnected switch 6,One of the cables connected to switch 6 has been detached,"The led on the power supply module is on; All the leds on the control modules before and including number 6 are off, the others are on; The lamp does not turn on when battery is inserted and all switches are on",Initial observations > belief: open somewhere just after control module 5 > inspect connections in control module 6 > adjust cable
29,10CC.S.4,10 cubes chain,,,Simple,Disconnected switch 8,One of the cables connected to switch 8 has been detached,"The led on the power supply module is on; All the leds on the control modules before and including number 8 are off, the others are on; The lamp does not turn on when battery is inserted and all switches are on",Initial observations > belief: open somewhere just after control module 7 > inspect connections in control module 8 > adjust cable
30,10CC.S.5,10 cubes chain,,,Simple,Burned lamp,Burned main lamp filaments (lamp failed open),The led on the power supply module is on; All the leds on the control modules are on; The lamp does not turn on when battery is inserted and all switches are on,Initial observations  > belief: load KO > observe small lamp indicator to split the possible fault location in load or control module> belief: lamp KO > test lamp > replace lamp
31,10CC.D.1,10 cubes chain,,,Double,Battery depleted; Disconnected switch 3,Combination of the two failures,The led on the power supply module is off; All the leds on the control modules are off; The lamp does not turn on when battery is inserted and all switches are on,Initial observations > belief: battery is KO > test battery > replace battery > belief: there is another failure > observe LED indicators > belief: open somewhere just after control module 2 > inspect connections in control module 3 > adjust cable
32,10CC.D.2,10 cubes chain,,,Double,Battery depleted; Disconnected switch 8,Combination of the two failures,The led on the power supply module is off; All the leds on the control modules are off; The lamp does not turn on when battery is inserted and all switches are on,Initial observations > belief: battery is KO > test battery > replace battery > belief: there is another failure > observe LED indicators > belief: open somewhere just after control module 7 > inspect connections in control module 8 > adjust cable
33,10CC.D.3,10 cubes chain,,,Double,Disconnected switch 3; Disconnected switch 8,Combination of the two failures,"The led on the power supply module is on; All the leds on the control modules before and including number 3 are off, the others are on; The lamp does not turn on when battery is inserted and all switches are on",Initial observations > belief: open somewhere just after control module 2 > inspect connections in control module 3 > adjust cable > belief: there is another failure > observe LED indicators  >  belief: open somewhere just after control module 7 > inspect connections in control module 8 > adjust cable
34,10CC.D.4,10 cubes chain,,,Double,Burned lamp; Disconnected switch 3,Combination of the two failures,"The led on the power supply module is on; All the leds on the control modules before and including number 3 are off, the others are on; The lamp does not turn on when battery is inserted and all switches are on",Initial observations > belief: open somewhere just after control module 2 > inspect connections in control module 3 > adjust cable > belief: there is another failure > observe LED indicators  > belief: load KO > observe small lamp indicator to split the possible fault location in load or control module> belief: lamp KO > test lamp > replace lamp
35,10CC.D.5,10 cubes chain,,,Double,Burned lamp; Disconnected switch 8,Combination of the two failures,"The led on the power supply module is on; All the leds on the control modules before and including number 8 are off, the others are on; The lamp does not turn on when battery is inserted and all switches are on",Initial observations > belief: open somewhere just after control module 7 > inspect connections in control module 8 > adjust cable > belief: there is another failure > observe LED indicators  > belief: load KO > observe small lamp indicator to split the possible fault location in load or control module> belief: lamp KO > test lamp > replace lamp
36,10CC.M.1,10 cubes chain,,,"Misleading, Double",Reversed polarity battery; Reversed supply LED indicator,"Combination of the two failures, misleading because the supply LED indicator being on suggests the issue is in the first control module",The led on the power supply module is on; All the leds on the control modules are off; The lamp does not turn on when battery is inserted and all switches are on,Initial observations > belief: open somewhere just after supply > inspect connections in control module 1 > test switch 1 > test voltage at control 1 input > belief: problem is voltage inversion upstream of control module 1 > test supply output > test battery > adjust battery
37,10CC.M.2,10 cubes chain,,,"Misleading, Double",Disconnected switch 3; Control 2 LED indicator open,"Combination of the two failures, misleading because the control LED indicator being on suggests the issue is control module preceding the faulted module","The led on the power supply module is on; All the leds on the control modules before and including number 2 are off, the others are on; The lamp does not turn on when battery is inserted and all switches are on","Initial observations > belief: open somewhere just after control module 1 > inspect connections in control module 2 > test switch 2 > belief: control module 2 main function OK, only indicator OK > test control module 2 output > belief: issue just after control module 2 > inspect control module 3 > adjust cable"
38,10CC.M.3,10 cubes chain,,,"Misleading, Double",Disconnected switch 6; Control 5 LED indicator open,"Combination of the two failures, misleading because the control LED indicator being on suggests the issue is control module preceding the faulted module","The led on the power supply module is on; All the leds on the control modules before and including number 5 are off, the others are on; The lamp does not turn on when battery is inserted and all switches are on","Initial observations > belief: open somewhere just after control module 4 > inspect connections in control module 5 > test switch 5 > belief: control module 5 main function OK, only indicator OK > test control module 5 output > belief: issue just after control module 5 > inspect control module 6 > adjust cable"
39,10CC.M.4,10 cubes chain,,,"Misleading, Double",Disconnected switch 8; Control 7 LED indicator open,"Combination of the two failures, misleading because the control LED indicator being on suggests the issue is control module preceding the faulted module","The led on the power supply module is on; All the leds on the control modules before and including number 7 are off, the others are on; The lamp does not turn on when battery is inserted and all switches are on","Initial observations > belief: open somewhere just after control module 6 > inspect connections in control module 7 > test switch 7 > belief: control module 7 main function OK, only indicator OK > test control module 7 output > belief: issue just after control module 7 > inspect control module 8 > adjust cable"
40,10CC.M.5,10 cubes chain,,,"Misleading, Double",Burned lamp; Burned load lamp indicator,"Combination of the two failures, misleading because the load lamp indicator being off suggests the issues is not with the battery",The led on the power supply module is on; All the leds on the control modules are on; The lamp does not turn on when battery is inserted and all switches are on,Initial observations  > belief: load KO or an open in load or after control 8 module > observe small lamp indicator to split the possible fault location in load or control module > belief: open between control module 8 and load> test control module 8 output > inspect connections between control 8 and load > test load input > belief: an open in the load module > test voltage at lamp ports > belief: lamp is KO > test lamp > replace lamp
41,10CC.L.1,10 cubes chain,all control module LED indicators removed,,Limited Observability,Depleted battery,Battery is depleted to 0V,All the control LED indicators are missing; The supply LED is off; The lamp does not turn on when battery is inserted and all switches are on,Initial observations > belief: battery is KO > test battery > replace battery
42,10CC.L.2,10 cubes chain,all control module LED indicators removed,,Limited Observability,Disconnected switch 3,One of the cables connected to switch 3 has been detached,All the control LED indicators are missing; The supply LED is on; The lamp does not turn on when battery is inserted and all switches are on,"Initial observations > belief: open somewhere just after supply module > take supply module LED from holder and use it to test control module, start from control 5 > belief: issue upstream > insert LED in control 3 > belief: issue upstream > insert LED in control 2 > belief: issue in or next control 3 > inspect control 3 > adjust cable "
43,10CC.L.3,10 cubes chain,all control module LED indicators removed,,Limited Observability,Disconnected switch 6,One of the cables connected to switch 6 has been detached,All the control LED indicators are missing; The supply LED is on; The lamp does not turn on when battery is inserted and all switches are on,"Initial observations > belief: open somewhere just after supply module > take supply module LED from holder and use it to test control module, start from control 5 > belief: issue downstram > insert LED in control 8 > belief: issue upstream > insert LED in control 7 > belief: issue in or next control 6 > inspect control 6 > adjust cable "
44,10CC.L.4,10 cubes chain,all control module LED indicators removed,,Limited Observability,Disconnected switch 8,One of the cables connected to switch 8 has been detached,All the control LED indicators are missing; The supply LED is on; The lamp does not turn on when battery is inserted and all switches are on,"Initial observations > belief: open somewhere just after supply module > take supply module LED from holder and use it to test control module, start from control 5 > belief: issue downstram > insert LED in control 8 > belief: issue around control 8 > inspect control 8 > adjust cable "
45,10CC.L.5,10 cubes chain,all control module LED indicators removed,,Limited Observability,Burned lamp,Burned main lamp filaments (lamp failed open),All the control LED indicators are missing; The supply LED is on; The lamp does not turn on when battery is inserted and all switches are on,"Initial observations > belief: open somewhere just after supply module > take supply module LED from holder and use it to test control module, start from control 5 > belief: issue downstram > insert LED in control 8 > belief: issue downstream > inspect control 8 to load connections > inspect load module connections > test lamp > belief: lamp burned > replace lamp"
46,10CC.I.1,10 cubes chain,,,Intermittent,Loose battery-cable connection,"One connection with the battery is loose, randomly resulting in an open circuit",The lamp occasionally turns off even when all switches are in the closed position and when this happens all LED indicators are off (otherwise all the leds and the lamp are on),"Initial observations > belief: some connection loose within the the supply module > [proceeds with a search of the loose connection, without being misled by non-anomalous observations taken when the connection holds]"
47,10CC.I.2,10 cubes chain,,,Intermittent,Loose switch-3-cable connection,"One switch 3 port-cable connection is loose, randomly resulting in an open circuit",The lamp occasionally turns off even when all switches are in the closed position and when this happens all LED indicators after and included the one of control module 3 are off (the remaining are on),"Initial observations > belief: some connection loose downstream of the control module 2 > [proceeds with a search of the loose connection in control module 3, without being misled by non-anomalous observations taken when the connection holds]"
48,10CC.I.3,10 cubes chain,,,Intermittent,Loose switch-6-cable connection,"One switch 6 port-cable connection is loose, randomly resulting in an open circuit",The lamp occasionally turns off even when all switches are in the closed position and when this happens all LED indicators after and included the one of control module 6 are off (the remaining are on),"Initial observations > belief: some connection loose downstream of the control module 5 > [proceeds with a search of the loose connection in control module 6, without being misled by non-anomalous observations taken when the connection holds]"
49,10CC.I.4,10 cubes chain,,,Intermittent,Loose switch-8-cable connection,"One switch 8 port-cable connection is loose, randomly resulting in an open circuit",The lamp occasionally turns off even when all switches are in the closed position and when this happens all LED indicators after and included the one of control module 8 are off (the remaining are on),"Initial observations > belief: some connection loose downstream of the control module 7 > [proceeds with a search of the loose connection in control module 8, without being misled by non-anomalous observations taken when the connection holds]"
50,10CC.I.5,10 cubes chain,,,Intermittent,Loose lamp-cable connection,"One lamp-cable connection is loose, randomly resulting in an open circuit",The lamp occasionally turns off even when all switches are in the closed position; All LED indicators are always on,"Initial observations > belief: some connection loose downstream of the control module 8 > [proceeds with a search of the loose connection in the load module or in the control-8-load connection, without being misled by non-anomalous observations taken when the connection holds]"
51,DCAC.S.1,Doubly connected asymmetric chains,,,Simple,Disconnected switch 1,One of the cables connected to switch 1 has been detached,Lamp 1 does not turn even when all switches are closed; All LED indicators are on except for control 1 indicator,Initial observations > belief: open inside of control module 1 > inspect control module 1 connections > adjust cable
52,DCAC.S.2,Doubly connected asymmetric chains,,,Simple,Disconnected switch 3,One of the cables connected to switch 3 has been detached,Lamp 2 does not turn even when all switches are closed; All LED indicators are on except for control 3 indicator,Initial observations > belief: open inside of control module 3 > inspect control module 3 connections > adjust cable
53,DCAC.S.3,Doubly connected asymmetric chains,,,Simple,Polarizing lamp 1 diode open,Polarizing lamp 1 diode failed open in load module 1,Lamp 1 does not turn even when all switches are closed; All LED indicators are on,Initial observations  > belief: load KO or an open in load or control module > observe small lamp indicator to split the possible fault location in load or control module > belief: open in control module > inspect connections inside control module > test switch > belief: fault in load module (not lamp) or between control and load modules > inspect control-load connections > inspect connections inside of load module > test polarizing diode > replace polarizing diode
54,DCAC.S.4,Doubly connected asymmetric chains,,,Simple,Burned lamp 1,Burned main lamp 1 filaments (lamp failed open),Lamp 1 does not turn even when all switches are closed; All LED indicators are on,Initial observations  > belief: load KO or an open in load or control module > observe small lamp 1 indicator > belief: lamp 1 KO > test lamp 1 > replace lamp 1
55,DCAC.S.5,Doubly connected asymmetric chains,,,Simple,Burned lamp 2,Burned main lamp 2 filaments (lamp failed open),Lamp 2 does not turn even when all switches are closed; All LED indicators are on,Initial observations  > belief: load KO or an open in load or control module > observe small lamp 2 indicator > belief: lamp 2 KO > test lamp 2 > replace lamp 2
56,DCAC.D.1,Doubly connected asymmetric chains,,,Double,Battery 1 depleted; Battery 2 depleted,Combination of the two failures,Lamp 1 and lamp 2 do not turn on even when all switches are closed; All LED indicators are off,Initial observations > belief: double failure in battery 1 and battery 2 > test battery 1 and 2 > replace battery 1 and 2
57,DCAC.D.2,Doubly connected asymmetric chains,,,Double,Battery 2 depleted; Disconnected switch 1,Combination of the two failures,Lamp 1 and lamp 2 do not turn on even when all switches are closed; All LED indicators are off except for supply 1 indicator,Initial observations > belief: double failure in supply 2 and in or just upstream of control 1 > test battery 2 > replace battery 2 > inspect input connections of control 1 > inspect connections inside control 1 > adjust cable
58,DCAC.D.3,Doubly connected asymmetric chains,,,Double,Disconnected switch 1; Disconnected switch 2,Combination of the two failures,Lamp 1 and lamp 2 do not turn on even when all switches are closed; All LED indicators are off except for supply 1 and supply 2 indicators,Initial observations > belief: double failure in or just upstream of control 1 and 2 > inspect input connections of control 1 and 2 > inspect connections inside control 1 and 2 > adjust cable in control 1 and cable in control 2
59,DCAC.D.4,Doubly connected asymmetric chains,,,Double,Disconnected switch 3; Burned lamp 1,Combination of the two failures,Lamp 1 and lamp 2 do not turn on even when all switches are closed; All LED indicators are on except for control 3 indicator,Initial observations > belief: double failure in or just upstream of control 3 and lamp 1 > inspect input connections of control 3 and load 1 > inspect connections inside control 3  > adjust cable in control 3 > look at the small lamp indicator in load 1 > test lamp 1 > replace lamp 1
60,DCAC.D.5,Doubly connected asymmetric chains,,,Double,Burned lamp 1; Burned lamp 2,Combination of the two failures,Lamp 1 and lamp 2 do not turn on even when all switches are closed; All LED indicators are on,Initial observations > belief: double failure in or just upstream of lamp 1 and lamp 2 > look at the small lamp indicator in load 1 and load 2 > test lamp 1 and 2 > replace lamp 1 and 2
61,DCAC.M.1,Doubly connected asymmetric chains,,,"Misleading, Double",Disconnected switch 1; Supply 1 LED indicator open,"Combination of the two failures, misleading because the supply 1 LED indicator being off suggests the issue is in the first supply module",Lamp 1 does not turn even when all switches are closed; All LED indicators are on except for control 1 indicator and supply 1 indicator,Initial observations > belief: double failure in battery 1 and control 1 (or between supply 1 and control 1) > test battery 1 > inspect connections inside supply 1 > thest voltage at supply 1 output > belief: one issue is with the supply 1 indicator itself > inspect supply 1 indicator > replace supply 1 indicator > inspect connections between supply 1 and control 1 > inspect connections inside control 1 > adjust cable
62,DCAC.M.2,Doubly connected asymmetric chains,,,"Misleading, Triple",Disconnected switch 1; Disconnected switch 2; Supply 2 indicator LED open,"Combination of the three failures, misleading because the supply 2 LED indicator being off suggests issue is in supply module instead of the control modules",Lamp 1 and lamp 2 do not turn even when all switches are closed; All LED indicators are off except for supply 1 indicator,Initial observations > belief: double failure in supply 2 and in or just upstream of control 1 > test battery 2 > inspect connections inside supply 2 > test supply 2 output > belief: supply 2 indicator KO > test supply 2 indicator > replace supply 2 indicator > belief: double failure in or just upstream of control 1 and 2 > inspect input connections of control 1 and 2 > inspect connections inside control 1 and 2 > adjust cable in control 1 and cable in control 2
63,DCAC.M.3,Doubly connected asymmetric chains,,,"Misleading, Double",Burned lamp 1; Load 1 indicator lamp open,"Combination of the two failures, misleading because the lamp indicator being off suggests the issue is upstream of the load module",Lamp 1 does not turn even when all switches are closed; All LED indicators are on,Initial observations  > belief: load KO or an open in load or after control 1 module > observe small lamp indicator to split the possible fault location in load or control module > belief: open between control module 1 and load> test control module 1 output > inspect connections between control 1 and load 1 > test load 1 input > belief: an open in the load 1 module > test voltage at lamp 1 ports > belief: lamp 1 is KO > test lamp 1 > replace lamp 1
64,DCAC.M.4,Doubly connected asymmetric chains,,,"Misleading, Double",Burned lamp 2; Supply 2 LED indicator open,"Combination of the two failures, misleading because the supply 2 LED indicator being off suggests the issue is in supply 2",Lamp 2 does not turn even when all switches are closed; All LED indicators are on except for supply 2 indicator,Initial observations  > belief: load KO or an open in load or control module > observe small lamp 2 indicator > belief: lamp 2 KO > test lamp 2 > replace lamp 2
65,DCAC.M.5,Doubly connected asymmetric chains,,,"Misleading, Double",Burned lamp 2; Control 3 LED indicator open,"Combination of the two failures, misleading because control 3 indicator being off suggests the issue is upstream of the load module",Lamp 2 does not turn even when all switches are closed; All LED indicators are on except for control 3 indicator,Initial observations > belief: open inside of control module 3 > inspect control module 3 connections > test switch 3 > belief: no belief > test control 3 output > belief: control 3 indicator KO > test control 3 indicator > replace control 3 indicator > belief: open somewhere in load module 2 or just upstream of it > observe small load 2 indicator lamp > belief: lamp 2 KO > test lamp 2 > replace lamp 2 
66,DCAC.L.1,Doubly connected asymmetric chains,all LED indicators removed,,Limited Observability,Disconnected switch 1,One of the cables connected to switch 1 has been detached,Lamp 1 does not turn even when all switches are closed; All LED indicators are missing,Initial observations > belief: KO somewhere in control 1 load 1 or between > test control 1 output > belief: issue in control 1 > inspect connections inside control 1 > adjust cable
67,DCAC.L.2,Doubly connected asymmetric chains,all LED indicators removed,,Limited Observability,Disconnected switch 3,One of the cables connected to switch 3 has been detached,Lamp 2 does not turn even when all switches are closed; All LED indicators are missing,Initial observations > belief: KO somewhere in control 3 load 2 or between > test control 3 output > belief: issue in control 3 > inspect connections inside control 3 > adjust cable
68,DCAC.L.3,Doubly connected asymmetric chains,all LED indicators removed,,Limited Observability,Polarizing lamp 1 diode open,Polarizing lamp 1 diode failed open in load module 1,Lamp 1 does not turn even when all switches are closed; All LED indicators are missing,Initial observations > belief: KO somewhere in control 1 load 1 or between > test control 1 output > belief: issue down stream > test load 1 input > observe small lamp indicator in load 1 > inspect connections inside load 1 > test polarizing diode 1 > replace polarizing diode
69,DCAC.L.4,Doubly connected asymmetric chains,all LED indicators removed,,Limited Observability,Burned lamp 1,Burned main lamp 1 filaments (lamp failed open),Lamp 1 does not turn even when all switches are closed; All LED indicators are missing,Initial observations > belief: KO somewhere in control 1 load 1 or between > test control 1 output > belief: issue down stream > test load 1 input > observe small lamp indicator in load 1 > test lamp 1 >replace lamp 1
70,DCAC.L.5,Doubly connected asymmetric chains,all LED indicators removed,,Limited Observability,Burned lamp 2,Burned main lamp 2 filaments (lamp failed open),Lamp 2 does not turn even when all switches are closed; All LED indicators are missing,Initial observations > belief: KO somewhere in control 2 load 2 or between > test control 2 output > belief: issue down stream > test load 2 input > observe small lamp indicator in load 2 > test lamp 2 >replace lamp 2
71,DCAC.I.1,Doubly connected asymmetric chains,,,"Intermittent, Double",Loose battery-1-cable connection; loose battery-2-cable connection,"One connection with the battery is loose, randomly resulting in an open circuit, in each supply module","Both lamps occasionally turn off, sometimes independently, even when all switches are in the closed position and when this happens all LED indicators are off (otherwise all the leds and the lamps are on)","Initial observations > belief: some connection loose within both supply modules > [proceeds with a search of the loose connection, without being misled by non-anomalous observations taken when the connection holds]"
72,DCAC.I.2,Doubly connected asymmetric chains,,,Intermittent,Loose switch-1-cable connection,"One switch 1 port-cable connection is loose, randomly resulting in an open circuit","Lamp 1 occasionally turns off, even when all switches are in the closed position (when this happens control 1 indicator also turns off), the remaining LED indicators are always on","Initial observations > belief: some connection loose around control module 1 > [proceeds with a search of the loose connection in control module 1, without being misled by non-anomalous observations taken when the connection holds]"
73,DCAC.I.3,Doubly connected asymmetric chains,,,"Intermittent, Double",Loose switch-1-cable connection; loose swich-2-cable connection,"One switch 1-port-cable connection is loose, randomly resulting in an open circuit; same for switch 2","Both lamps occasionally turn off, sometimes independently, even when all switches are in the closed position and when this happens all control module LED indicators are off and all the supply module LEDs are on","Initial observations > belief: some connection loose around control module 1 and 2 > [proceeds with a search of the loose connection around those control modules, without being misled by non-anomalous observations taken when the connection holds]"
74,DCAC.I.4,Doubly connected asymmetric chains,,,Intermittent,Loose lamp-1-cable connection,"One lamp-1-cable connection is loose, randomly resulting in an open circuit","Lamp 1 occasionally turns off, even when all switches are in the closed position; All LED indicators are always on","Initial observations > belief: some connection loose in load module 1 > [proceeds with a search of the loose connection in load module 1, without being misled by non-anomalous observations taken when the connection holds]"
75,DCAC.I.5,Doubly connected asymmetric chains,,,Intermittent,Loose lamp-2-cable connection,"One lamp-2-cable connection is loose, randomly resulting in an open circuit","Lamp 2 occasionally turns off, even when all switches are in the closed position; All LED indicators are always on","Initial observations > belief: some connection loose in load module 2 > [proceeds with a search of the loose connection in load module 2, without being misled by non-anomalous observations taken when the connection holds]"
76,3CC-AS.S.1,3 cubes chain with ambient sensor,,,Simple,Depleted battery,Battery is depleted to 0V,The lamp does not turn on despite the ambient light conditions are such the lamp should be on; The green led on top of the power supply module is off; The red led on top of the control module is off; Adjustable timing and sensitivity potentiometers controls visible,Initial observations > belief: battery is KO > test battery > replace battery
77,3CC-AS.S.2,3 cubes chain with ambient sensor,,,Simple,Reversed battery polarity,Battery installed incorrectly with inverted polarity,The lamp does not turn on despite the ambient light conditions are such the lamp should be on; The green led on top of the power supply module is off; The red led on top of the control module is on,Initial observations > belief: battery is reversed > test battery > adjust battery
78,3CC-AS.S.3,3 cubes chain with ambient sensor,,,Simple,Crossed supply-control cables,Cables between control module and power supply module are crossed causing reverse voltage,The lamp does not turn on despite the ambient light conditions are such the lamp should be on; The green led on top of the power supply module is on; The red led on top of the control module is on,Initial observations  > belief: cables are crossed > test voltage polarity at control input > detach and reconnect cables in correct position
79,3CC-AS.S.4,3 cubes chain with ambient sensor,,,Simple,Disconnected relay,"One of the cables connected to the relay, belonging to the line the relay sections, has been detached",The lamp does not turn on despite the ambient light conditions are such the lamp should be on; The green led on top of the power supply module is on; The red led on top of the control module is off,Initial observations  > belief: load KO or an open in load or control module > observe small lamp indicator to split the possible fault location in load or control module > belief: open in control module > inspect connections inside control module > knowledge: diconnected cable > reconnect cable to relay
80,3CC-AS.S.5,3 cubes chain with ambient sensor,,,Simple,Burned lamp ,Burned main lamp filaments (lamp failed open),The lamp does not turn on despite the ambient light conditions are such the lamp should be on; The green led on top of the power supply module is on; The red led on top of the control module is off,Initial observations  > belief: load KO or an open in load or control module > observe small lamp indicator to split the possible fault location in load or control module> belief: lamp KO > test lamp > replace lamp
81,3CC-AS.D.1,3 cubes chain with ambient sensor,,,Double,Depleted battery; Crossed supply-control cables,Combination of the two failures,The lamp does not turn on despite the ambient light conditions are such the lamp should be on; The green led on top of the power supply module is off; The red led on top of the control module is off,Initial observations > belief: battery is KO > test battery > replace battery > belief: there is another failure > observe LED indicators > belief: cables are crossed > test voltage polarity at control input > detach and reconnect cables in correct position
82,3CC-AS.D.2,3 cubes chain with ambient sensor,,,Double,Depleted battery;  Disconnected relay,Combination of the two failures,The lamp does not turn on despite the ambient light conditions are such the lamp should be on; The green led on top of the power supply module is off; The red led on top of the control module is off,Initial observations > belief: battery is KO > test battery > replace battery > belief: there is another failure > observe LED indicators > belief: load KO or an open in load or control module > observe small lamp indicator to split the possible fault location in load or control module > belief: open in control module > inspect connections inside control module > knowledge: diconnected cable > reconnect cable to relay
83,3CC-AS.D.3,3 cubes chain with ambient sensor,,,Double,Depleted battery;  Burned lamp,Combination of the two failures,The lamp does not turn on despite the ambient light conditions are such the lamp should be on; The green led on top of the power supply module is off; The red led on top of the control module is off,Initial observations > belief: battery is KO > test battery > replace battery > belief: there is another failure > observe LED indicators > belief: load KO or an open in load or control module > observe small lamp indicator to split the possible fault location in load or control module> belief: lamp KO > replace lamp
84,3CC-AS.D.4,3 cubes chain with ambient sensor,,,Double,Reversed battery polarity;  Disconnected relay,Combination of the two failures,The lamp does not turn on despite the ambient light conditions are such the lamp should be on; The green led on top of the power supply module is off; The red led on top of the control module is on,Initial observations > belief: battery is reversed > test battery > adjust battery > belief: there is another failure > observe LED indicators > belief: load KO or an open in load or control module > observe small lamp indicator to split the possible fault location in load or control module > belief: open in control module > inspect connections inside control module > knowledge: diconnected cable > reconnect cable to relay
85,3CC-AS.D.5,3 cubes chain with ambient sensor,,,Double,Crossed supply-control cables; Disconnected relay,Combination of the two failures,The lamp does not turn on despite the ambient light conditions are such the lamp should be on; The green led on top of the power supply module is on; The red led on top of the control module is on,Initial observations  > belief: cables are crossed > test voltage polarity at control input > detach and reconnect cables in correct position > belief: there is another failure > observe LED indicators > belief: load KO or an open in load or control module > observe small lamp indicator to split the possible fault location in load or control module > belief: open in control module > inspect connections inside control module > knowledge: diconnected cable > reconnect cable to relay
86,3CC-AS.M.1,3 cubes chain with ambient sensor,,,"Misleading, Double",Reversed battery polarity; Open control LED indicator,"Combination of the two failures, misleading because the LED indicator being off suggests the battery is not reversed",The lamp does not turn on despite the ambient light conditions are such the lamp should be on; The green led on top of the power supply module is off; The red led on top of the control module is off,Initial observations > belief: battery is KO > test battery > belief: battery was incorrectly installed >  replace battery
87,3CC-AS.M.2,3 cubes chain with ambient sensor,,,"Misleading, Multiple",Reversed battery polarity; Polarizing load LED open; Burned lamp,"Combination of the three failures, misleading because the LED indicator being on is not indicative of what is preventing the lamp from turning on, since the lamp is unpolarized in this configuration",The lamp does not turn on despite the ambient light conditions are such the lamp should be on; The green led on top of the power supply module is off; The red led on top of the control module is on,Initial observations > belief: battery is reversed > test battery > adjust battery > belief: there is another failure > observe LED indicators   > belief: load KO or an open in load or control module > observe small lamp indicator to split the possible fault location in load or control module> belief: lamp KO > test lamp > replace lamp
88,3CC-AS.M.3,3 cubes chain with ambient sensor,,,"Misleading, Double",Crossed supply-control cables; Open control LED indicator,"Combination of the two failures, misleading because the LED indicator being off suggests the cables are not crossed",The lamp does not turn on despite the ambient light conditions are such the lamp should be on; The green led on top of the power supply module is on; The red led on top of the control module is off,Initial observations  > belief: load KO or an open in load or control module > observe small lamp indicator to split the possible fault location in load or control module > belief: open in control module > inspect connections inside control module > test relay > belief: no belief > test control module input > belief: control input cables are crossed > adjust cables
89,3CC-AS.M.4,3 cubes chain with ambient sensor,,,"Misleading, Double",Burned lamp; Open supply LED indicator,"Combination of the two failures, misleading because the LED indicator being off suggests the issue is in the battery",The lamp does not turn on despite the ambient light conditions are such the lamp should be on; The green led on top of the power supply module is off; The red led on top of the control module is off,Initial observations > belief: battery is KO > test battery > belief: open between battery and supply LED indicator or burned supply LED inidcator > test continuity between battery and supply LED indicator > replca LED indicator > observe LED indicators  > belief: load KO or an open in load or control module > observe small lamp indicator to split the possible fault location in load or control module> belief: lamp KO > test lamp > replace lamp
90,3CC-AS.M.5,3 cubes chain with ambient sensor,,,"Misleading, Double",Burned lamp; Burned load lamp indicator,"Combination of the two failures, misleading because the load lamp indicator being off suggests the issues is not with the battery",The lamp does not turn on despite the ambient light conditions are such the lamp should be on; The green led on top of the power supply module is on; The red led on top of the control module is off,Initial observations  > belief: load KO or an open in load or control module > observe small lamp indicator to split the possible fault location in load or control module > belief: open in control module > inspect connections inside control module > test relay > belief: no belief > test control module input > test control module output > belief: an open in the load module > test voltage at lamp ports > belief: lamp is KO > test lamp > replace lamp
91,3CC-AS.L.1,3 cubes chain with ambient sensor,all indicators removed,,Limited Observability,Depleted battery,Battery is depleted,The lamp does not turn on despite the ambient light conditions are such the lamp should be on; Both the supply and contol module LED indicators are missing,Initial observations > test control input > belief: problem upstream of control module > test supply module output > belief: battery depleted > test battery > replace battery
92,3CC-AS.L.2,3 cubes chain with ambient sensor,all indicators removed,,Limited Observability,Reversed battery polarity,Battery installed incorrectly with inverted polarity,The lamp does not turn on despite the ambient light conditions are such the lamp should be on; Both the supply and contol module LED indicators are missing,Initial observations > test control input > belief: problem upstream of control module > test supply module output > belief: battery depleted > test battery > belief: battery installed incorrectly > adjust battery
93,3CC-AS.L.3,3 cubes chain with ambient sensor,all indicators removed,,Limited Observability,Crossed supply-control cables,Cables between control module and power supply module are crossed causing reverse voltage,The lamp does not turn on despite the ambient light conditions are such the lamp should be on; Both the supply and contol module LED indicators are missing,Initial observations > test control input > belief: battery or supply-control cables polarity reversed > test supply output > belief: supply-control cables reversed > adjust supply-control cables
94,3CC-AS.L.4,3 cubes chain with ambient sensor,all indicators removed,,Limited Observability,Disconnected relay,"One of the cables connected to the relay, belonging to the line the relay sections, has been detached",The lamp does not turn on despite the ambient light conditions are such the lamp should be on; Both the supply and contol module LED indicators are missing,Initial observations > test control input > belief: faut downstream of control input > test control output > fault inside control module > inspect connections inside control module > knowledge: a cable is detached > reattach cable
95,3CC-AS.L.5,3 cubes chain with ambient sensor,all indicators removed,,Limited Observability,Burned lamp ,Burned lamp filaments (lamp failed open),The lamp does not turn on despite the ambient light conditions are such the lamp should be on; Both the supply and contol module LED indicators are missing,Initial observations > test control input > belief: faut downstream of control input > test control output > test load input > fault inside load module > inspect connections inside control module > test lamp > knowledge: lamp failed open > replace lamp
96,3CC-AS.I.1,3 cubes chain with ambient sensor,,,Intermittent,Loose battery-cable connection,"One connection with the battery is loose, randomly resulting in an open circuit","The lamp occasionally turns off even when the ambient light is such the light should be on and when this happens all LED indicators are off (otherwise the green supply module LED and the lamp are both on, while the red control module indicator is OFF)",Initial observations  > belief: connection loose between the battery and the supply module LED > inspect cables between the battery and the supply module LED > adjust cables between the battery and the supply module LED
97,3CC-AS.I.2,3 cubes chain with ambient sensor,,,Intermittent,Loose supply-control connection,"One connection between the supply and control modules  is loose, randomly resulting in an open circuit",The lamp occasionally turns off even when the ambient light is such the light should be on; The green supply module LED indicator is always on; The red control module indicator is always off,"Initial observations > belief: some connection loose downstream of the supply module > [proceeds with a search of the loose connection, without being misled by non-anomalous observations taken when the connection holds]"
98,3CC-AS.I.3,3 cubes chain with ambient sensor,,,Intermittent,Loose relay-cable connection,"One relay port-cable connection is loose, randomly resulting in an open circuit",The lamp occasionally turns off even when the ambient light is such the light should be on; The green supply module LED indicator is always on; The red control module indicator is always off,"Initial observations > belief: some connection loose downstream of the supply module > [proceeds with a search of the loose connection, without being misled by non-anomalous observations taken when the connection holds]"
99,3CC-AS.I.4,3 cubes chain with ambient sensor,,,Intermittent,Loose control-load connection,"One connection between the control and load modules  is loose, randomly resulting in an open circuit",The lamp occasionally turns off even when the ambient light is such the light should be on; The green supply module LED indicator is always on; The red control module indicator is always off,"Initial observations > belief: some connection loose downstream of the supply module > [proceeds with a search of the loose connection, without being misled by non-anomalous observations taken when the connection holds]"
100,3CC-AS.I.5,3 cubes chain with ambient sensor,,,Intermittent,Loose lamp-cable connection,"One lamp-cable connection is loose (belonging to the line the relay sections), randomly resulting in an open circuit",The lamp occasionally turns off even when the ambient light is such the light should be on; The green supply module LED indicator is always on; The red control module indicator is always off,"Initial observations > belief: some connection loose downstream of the supply module > [proceeds with a search of the loose connection, without being misled by non-anomalous observations taken when the connection holds]"
101,3CC-AS.U.1,3 cubes chain with ambient sensor,,,"Unforeseen Interaction, Intermittent, Misleading",Lamp-sensor feedback loop,"Anomalous optical feedback loop beween the lamp and the sensor, due to incorrect sensor position, triggering oscillation. It is misleading due to the ineffectiveness of the potentiometer controls",Power supply LED on; Control module LED off; Lamp toggles off every ~20 seconds and back on; Adjustable timing and sensitivity potentiometers controls visible,Initial observations > belief: anomalous feedback loop between sensor and lamp > attempt to regulate the sensitivity potentiometer a few times > belief: sensitivity potentiometer is not relevant > belief: the anomalous loop presence is not a parametric problem > move/orient the sensor or directly or by moving/reorienting its module differently
102,3CC-AS.U.2,3 cubes chain with ambient sensor,,,"Unforeseen Interaction, Intermittent, Misleading, Double",Lamp-sensor feedback loop; Disconnected switch,Combination of the two failures,Power supply LED on; Control module LED off; Lamp is off; Adjustable timing and sensitivity potentiometers controls visible,Initial observations  > belief: load KO or an open in load or control module > observe small lamp indicator to split the possible fault location in load or control module > belief: open in control module > inspect connections inside control module > knowledge: diconnected cable > reconnect cable to switch > belief: there is another failure > [operate with the circuit enough to note the oscillating behavior] Initial observations > belief: anomalous feedback loop between sensor and lamp > attempt to regulate the sensitivity potentiometer a few times > belief: sensitivity potentiometer is not relevant > belief: the anomalous loop presence is not a parametric problem > move/orient the sensor or directly or by moving/reorienting its module differently
103,3CC-AS.U.3,3 cubes chain with ambient sensor,,,"Unforeseen Interaction, Intermittent, Misleading, Double",Lamp-sensor feedback loop; Open supply LED indicator,Combination of the two failures,Power supply LED off; Control module LED off; Lamp toggles off every ~20 seconds and back on; Adjustable timing and sensitivity potentiometers controls visible,Initial observations > belief: anomalous feedback loop between sensor and lamp > attempt to regulate the sensitivity potentiometer a few times > belief: sensitivity potentiometer is not relevant > belief: the anomalous loop presence is not a parametric problem > move/orient the sensor or directly or by moving/reorienting its module differently
104,3CC-AS.U.4,3 cubes chain with ambient sensor,all LED indicators removed,,"Unforeseen Interaction, Intermittent, Misleading, Limited Observability",Lamp-sensor feedback loop,"Anomalous optical feedback loop beween the lamp and the sensor, due to incorrect sensor position, triggering oscillation. It is misleading due to the ineffectiveness of the potentiometer controls",Lamp toggles off every ~20 seconds and back on; Adjustable timing and sensitivity potentiometers controls visible,Initial observations > belief: anomalous feedback loop between sensor and lamp > attempt to regulate the sensitivity potentiometer a few times > belief: sensitivity potentiometer is not relevant > belief: the anomalous loop presence is not a parametric problem > move/orient the sensor or directly or by moving/reorienting its module differently
105,3CC-AS.U.5,3 cubes chain with ambient sensor,,,"Unforeseen Interaction, Intermittent, Misleading, Double",Lamp-sensor feedback loop; Loose switch-1-cable connection,Combination of the two failures,Power supply LED indicator always on; Control module LED indicator always off; Lamp toggles off occasionally; Adjustable timing and sensitivity potentiometers controls visible,"Initial observations > belief: there is a loose connection downstream to the battery > [proceeds with a search of the loose connection, without being misled by non-anomalous observations taken when the connection holds] > adjust cable > belief: anomalous feedback loop between sensor and lamp > [attempts to regulate the sensitivity potentiometer a few times] > belief: sensitivity potentiometer is not relevant > belief: the anomalous loop presence is not a parametric problem > move/orient the sensor or directly or by moving/reorienting its module differently"
106,3CC-CS.S.1,3 cubes chain with current sensor,,,Simple,Depleted battery,Battery is depleted to 0V,The lamp does not turn on despite the ambient light conditions are such the lamp should be on; The green led on top of the power supply module is off; The red led on top of the control module is off; Adjustable timing and sensitivity potentiometers controls visible,Initial observations > belief: battery is KO > test battery > replace battery
107,3CC-CS.S.2,3 cubes chain with current sensor,,,Simple,Reversed battery polarity,Battery installed incorrectly with inverted polarity,The lamp does not turn on despite the ambient light conditions are such the lamp should be on; The green led on top of the power supply module is off; The red led on top of the control module is on,Initial observations > belief: battery is reversed > test battery > adjust battery
108,3CC-CS.S.3,3 cubes chain with current sensor,,,Simple,Crossed supply-control cables,Cables between control module and power supply module are crossed causing reverse voltage,The lamp does not turn on despite the ambient light conditions are such the lamp should be on; The green led on top of the power supply module is on; The red led on top of the control module is on,Initial observations  > belief: cables are crossed > test voltage polarity at control input > detach and reconnect cables in correct position
109,3CC-CS.S.4,3 cubes chain with current sensor,,,Simple,Disconnected relay,"One of the cables connected to the relay, belonging to the line the relay sections, has been detached",The lamp does not turn on despite the ambient light conditions are such the lamp should be on; The green led on top of the power supply module is on; The red led on top of the control module is off,Initial observations  > belief: load KO or an open in load or control module > observe small lamp indicator to split the possible fault location in load or control module > belief: open in control module > inspect connections inside control module > knowledge: diconnected cable > reconnect cable to relay
110,3CC-CS.S.5,3 cubes chain with current sensor,,,Simple,Burned lamp ,Burned main lamp filaments (lamp failed open),The lamp does not turn on despite the ambient light conditions are such the lamp should be on; The green led on top of the power supply module is on; The red led on top of the control module is off,Initial observations  > belief: load KO or an open in load or control module > observe small lamp indicator to split the possible fault location in load or control module> belief: lamp KO > test lamp > replace lamp
111,3CC-CS.D.1,3 cubes chain with current sensor,,,Double,Depleted battery; Crossed supply-control cables,Combination of the two failures,The lamp does not turn on despite the ambient light conditions are such the lamp should be on; The green led on top of the power supply module is off; The red led on top of the control module is off,Initial observations > belief: battery is KO > test battery > replace battery > belief: there is another failure > observe LED indicators > belief: cables are crossed > test voltage polarity at control input > detach and reconnect cables in correct position
112,3CC-CS.D.2,3 cubes chain with current sensor,,,Double,Depleted battery;  Disconnected relay,Combination of the two failures,The lamp does not turn on despite the ambient light conditions are such the lamp should be on; The green led on top of the power supply module is off; The red led on top of the control module is off,Initial observations > belief: battery is KO > test battery > replace battery > belief: there is another failure > observe LED indicators > belief: load KO or an open in load or control module > observe small lamp indicator to split the possible fault location in load or control module > belief: open in control module > inspect connections inside control module > knowledge: diconnected cable > reconnect cable to relay
113,3CC-CS.D.3,3 cubes chain with current sensor,,,Double,Depleted battery;  Burned lamp,Combination of the two failures,The lamp does not turn on despite the ambient light conditions are such the lamp should be on; The green led on top of the power supply module is off; The red led on top of the control module is off,Initial observations > belief: battery is KO > test battery > replace battery > belief: there is another failure > observe LED indicators > belief: load KO or an open in load or control module > observe small lamp indicator to split the possible fault location in load or control module> belief: lamp KO > replace lamp
114,3CC-CS.D.4,3 cubes chain with current sensor,,,Double,Reversed battery polarity;  Disconnected relay,Combination of the two failures,The lamp does not turn on despite the ambient light conditions are such the lamp should be on; The green led on top of the power supply module is off; The red led on top of the control module is on,Initial observations > belief: battery is reversed > test battery > adjust battery > belief: there is another failure > observe LED indicators > belief: load KO or an open in load or control module > observe small lamp indicator to split the possible fault location in load or control module > belief: open in control module > inspect connections inside control module > knowledge: diconnected cable > reconnect cable to relay
115,3CC-CS.D.5,3 cubes chain with current sensor,,,Double,Crossed supply-control cables; Disconnected relay,Combination of the two failures,The lamp does not turn on despite the ambient light conditions are such the lamp should be on; The green led on top of the power supply module is on; The red led on top of the control module is on,Initial observations  > belief: cables are crossed > test voltage polarity at control input > detach and reconnect cables in correct position > belief: there is another failure > observe LED indicators > belief: load KO or an open in load or control module > observe small lamp indicator to split the possible fault location in load or control module > belief: open in control module > inspect connections inside control module > knowledge: diconnected cable > reconnect cable to relay
116,3CC-CS.M.1,3 cubes chain with current sensor,,,"Misleading, Double",Reversed battery polarity; Open control LED indicator,"Combination of the two failures, misleading because the LED indicator being off suggests the battery is not reversed",The lamp does not turn on despite the ambient light conditions are such the lamp should be on; The green led on top of the power supply module is off; The red led on top of the control module is off,Initial observations > belief: battery is KO > test battery > belief: battery was incorrectly installed >  replace battery
117,3CC-CS.M.2,3 cubes chain with current sensor,,,"Misleading, Multiple",Reversed battery polarity; Polarizing load LED open; Burned lamp,"Combination of the three failures, misleading because the LED indicator being on is not indicative of what is preventing the lamp from turning on, since the lamp is unpolarized in this configuration",The lamp does not turn on despite the ambient light conditions are such the lamp should be on; The green led on top of the power supply module is off; The red led on top of the control module is on,Initial observations > belief: battery is reversed > test battery > adjust battery > belief: there is another failure > observe LED indicators   > belief: load KO or an open in load or control module > observe small lamp indicator to split the possible fault location in load or control module> belief: lamp KO > test lamp > replace lamp
118,3CC-CS.M.3,3 cubes chain with current sensor,,,"Misleading, Double",Crossed supply-control cables; Open control LED indicator,"Combination of the two failures, misleading because the LED indicator being off suggests the cables are not crossed",The lamp does not turn on despite the ambient light conditions are such the lamp should be on; The green led on top of the power supply module is on; The red led on top of the control module is off,Initial observations  > belief: load KO or an open in load or control module > observe small lamp indicator to split the possible fault location in load or control module > belief: open in control module > inspect connections inside control module > test relay > belief: no belief > test control module input > belief: control input cables are crossed > adjust cables
119,3CC-CS.M.4,3 cubes chain with current sensor,,,"Misleading, Double",Burned lamp; Open supply LED indicator,"Combination of the two failures, misleading because the LED indicator being off suggests the issue is in the battery",The lamp does not turn on despite the ambient light conditions are such the lamp should be on; The green led on top of the power supply module is off; The red led on top of the control module is off,Initial observations > belief: battery is KO > test battery > belief: open between battery and supply LED indicator or burned supply LED inidcator > test continuity between battery and supply LED indicator > replca LED indicator > observe LED indicators  > belief: load KO or an open in load or control module > observe small lamp indicator to split the possible fault location in load or control module> belief: lamp KO > test lamp > replace lamp
120,3CC-CS.M.5,3 cubes chain with current sensor,,,"Misleading, Double",Burned lamp; Burned load lamp indicator,"Combination of the two failures, misleading because the load lamp indicator being off suggests the issues is not with the battery",The lamp does not turn on despite the ambient light conditions are such the lamp should be on; The green led on top of the power supply module is on; The red led on top of the control module is off,Initial observations  > belief: load KO or an open in load or control module > observe small lamp indicator to split the possible fault location in load or control module > belief: open in control module > inspect connections inside control module > test relay > belief: no belief > test control module input > test control module output > belief: an open in the load module > test voltage at lamp ports > belief: lamp is KO > test lamp > replace lamp
121,3CC-CS.L.1,3 cubes chain with current sensor,all indicators removed,,Limited Observability,Depleted battery,Battery is depleted,The lamp does not turn on despite the ambient light conditions are such the lamp should be on; Both the supply and contol module LED indicators are missing,Initial observations > test control input > belief: problem upstream of control module > test supply module output > belief: battery depleted > test battery > replace battery
122,3CC-CS.L.2,3 cubes chain with current sensor,all indicators removed,,Limited Observability,Reversed battery polarity,Battery installed incorrectly with inverted polarity,The lamp does not turn on despite the ambient light conditions are such the lamp should be on; Both the supply and contol module LED indicators are missing,Initial observations > test control input > belief: problem upstream of control module > test supply module output > belief: battery depleted > test battery > belief: battery installed incorrectly > adjust battery
123,3CC-CS.L.3,3 cubes chain with current sensor,all indicators removed,,Limited Observability,Crossed supply-control cables,Cables between control module and power supply module are crossed causing reverse voltage,The lamp does not turn on despite the ambient light conditions are such the lamp should be on; Both the supply and contol module LED indicators are missing,Initial observations > test control input > belief: battery or supply-control cables polarity reversed > test supply output > belief: supply-control cables reversed > adjust supply-control cables
124,3CC-CS.L.4,3 cubes chain with current sensor,all indicators removed,,Limited Observability,Disconnected relay,"One of the cables connected to the relay, belonging to the line the relay sections, has been detached",The lamp does not turn on despite the ambient light conditions are such the lamp should be on; Both the supply and contol module LED indicators are missing,Initial observations > test control input > belief: faut downstream of control input > test control output > fault inside control module > inspect connections inside control module > knowledge: a cable is detached > reattach cable
125,3CC-CS.L.5,3 cubes chain with current sensor,all indicators removed,,Limited Observability,Burned lamp ,Burned lamp filaments (lamp failed open),The lamp does not turn on despite the ambient light conditions are such the lamp should be on; Both the supply and contol module LED indicators are missing,Initial observations > test control input > belief: faut downstream of control input > test control output > test load input > fault inside load module > inspect connections inside control module > test lamp > knowledge: lamp failed open > replace lamp
126,3CC-CS.I.1,3 cubes chain with current sensor,,,Intermittent,Loose battery-cable connection,"One connection with the battery is loose, randomly resulting in an open circuit","The lamp occasionally turns off even when the ambient light is such the light should be on and when this happens all LED indicators are off (otherwise the green supply module LED and the lamp are both on, while the red control module indicator is OFF)",Initial observations  > belief: connection loose between the battery and the supply module LED > inspect cables between the battery and the supply module LED > adjust cables between the battery and the supply module LED
127,3CC-CS.I.2,3 cubes chain with current sensor,,,Intermittent,Loose supply-control connection,"One connection between the supply and control modules  is loose, randomly resulting in an open circuit",The lamp occasionally turns off even when the ambient light is such the light should be on; The green supply module LED indicator is always on; The red control module indicator is always off,"Initial observations > belief: some connection loose downstream of the supply module > [proceeds with a search of the loose connection, without being misled by non-anomalous observations taken when the connection holds]"
128,3CC-CS.I.3,3 cubes chain with current sensor,,,Intermittent,Loose relay-cable connection,"One relay port-cable connection is loose, randomly resulting in an open circuit",The lamp occasionally turns off even when the ambient light is such the light should be on; The green supply module LED indicator is always on; The red control module indicator is always off,"Initial observations > belief: some connection loose downstream of the supply module > [proceeds with a search of the loose connection, without being misled by non-anomalous observations taken when the connection holds]"
129,3CC-CS.I.4,3 cubes chain with current sensor,,,Intermittent,Loose control-load connection,"One connection between the control and load modules  is loose, randomly resulting in an open circuit",The lamp occasionally turns off even when the ambient light is such the light should be on; The green supply module LED indicator is always on; The red control module indicator is always off,"Initial observations > belief: some connection loose downstream of the supply module > [proceeds with a search of the loose connection, without being misled by non-anomalous observations taken when the connection holds]"
130,3CC-CS.I.5,3 cubes chain with current sensor,,,Intermittent,Loose lamp-cable connection,"One lamp-cable connection is loose (belonging to the line the relay sections), randomly resulting in an open circuit",The lamp occasionally turns off even when the ambient light is such the light should be on; The green supply module LED indicator is always on; The red control module indicator is always off,"Initial observations > belief: some connection loose downstream of the supply module > [proceeds with a search of the loose connection, without being misled by non-anomalous observations taken when the connection holds]"
131,3CC-CS.M.6,3 cubes chain with current sensor,,,Misleading,Open relay,"Relay failed always open, misleading because behavior not different statically from relay stuck open",Power supply LED on; Control module LED off; Lamp does not turn on,Initial observations  > belief: load KO or an open in load or control module > observe small lamp indicator to split the possible fault location in load or control module > belief: open in control module > inspect connections inside control module > test control output > test voltage across relay ports > belief: lamp does not turn on because relay is open > replace relay
132,3CC-CS.M.7,3 cubes chain with current sensor,,,Misleading,Shorted main lamp,"Lamp short causing relay opening, misleading because behavior not different statically from relay stuck open",Power supply LED on; Control module LED off; Lamp does not turn on,Initial observations  > belief: load KO or an open in load or control module > observe small lamp indicator to split the possible fault location in load or control module > belief: open in control module > inspect connections inside control module > test control output > test voltage across relay ports > belief: lamp does not turn on because relay is open > replace relay > belief: there is another failure > belief: there is a short downstream of the relay > test resistance across lamp > replace lamp
133,3CC-CS.M.8,3 cubes chain with current sensor,,,Misleading,Shorted small lamp indicator,"Small lamp indicator short causing relay opening, misleading because behavior not different statically from relay stuck open",Power supply LED on; Control module LED off; Lamp does not turn on,Initial observations  > belief: load KO or an open in load or control module > observe small lamp indicator to split the possible fault location in load or control module > belief: open in control module > inspect connections inside control module > test control output > test voltage across relay ports > belief: lamp does not turn on because relay is open > replace relay > belief: there is another failure > belief: there is a short downstream of the relay > test resistance across lamp > test resistance across small lamp indicator > replace small lamp indicator
134,3CC-CS.M.9,3 cubes chain with current sensor,,,"Misleading, Double",Shorted main lamp; Open supply LED indicator,Combination of the two failures,Power supply LED off; Control module LED off; Lamp does not turn on,Initial observations  > belief: battery KO > test battery > belief: open between battery and supply indicator or supply indicator open > inspect connections between battery and supply indicator > test supply indicator > replace supply indicator > belief > there is another failure > belief: load KO or an open in load or control module > observe small lamp indicator to split the possible fault location in load or control module > belief: open in control module > inspect connections inside control module > test control output > test voltage across relay ports > belief: lamp does not turn on because relay is open > replace relay > belief: there is another failure > belief: there is a short downstream of the relay > test resistance across lamp > replace lamp
135,3CC-CS.M.10,3 cubes chain with current sensor,all LED indicators removed,,"Misleading, Limited Observability",Shorted main lamp,"Lamp short causing relay opening, misleading because behavior not different statically from relay stuck open",All LED indicator missing; Lamp does not turn on,Initial observations  > belief: no belief > test control input > belief: fault downstream of control input > observe small lamp indicator > belief: fault upstream of small lamp indicator > test control ouput > inspect control module inside connections > test voltage across relay ports > belief: lamp does not turn on because relay is open > replace relay > belief: there is another failure > belief: there is a short downstream of the relay > test resistance across lamp > replace lamp
,,,,,,,,,
,,,,,,,,,
,Extra scenarios,,,,,,,,
,,10 cubes chain,,,Coupled,"Old id=14 → 10-cubes PSU short + depleted battery — this scenario is not in the CSV; it was one of the old extra scenarios. Looking at the CSV: 10CC.D.5 is ""Burned lamp; Disconnected switch 8"" and there's no PSU-short scenario. Old 14 needs to be looked up by fault_fns content.",,,
,,3 cubes chain,,,Simple,Switch open circuit,Internal open circuit in the switch: switch always open,The lamp does not turn on when the switch is operated; The green led on top of the power supply module is on; The red led on top of the control module is off,Initial observations  > belief: load KO or an open in load or control module > observe small lamp indicator to split the possible fault location in load or control module > belief: open in control module > inspect connections inside control module > test switch > replace switch
,,3 cubes chain,,,Simple,Polarizing lamp 1 diode open,Polarizing lamp 1 diode failed open in load module 1,The lamp does not turn on when the switch is operated; The green led on top of the power supply module is on; The red led on top of the control module is off,Initial observations  > belief: load KO or an open in load or control module > observe small lamp indicator to split the possible fault location in load or control module > belief: open in control module > inspect connections inside control module > test switch > belief: fault in load module (not lamp) or between control and load modules > inspect control-load connections > inspect connections inside of load module > test polarizing diode > replace polarizing diode
,,3 cubes chain,all indicators removed,,Limited Observability,Switch open circuit,Internal open circuit in the switch: switch always open,The lamp does not turn on when the switch is operated; Both the supply and contol module LED indicators are missing,Initial observations > test control input > belief: faut downstream of control input > test control output > fault inside control module > inspect connections inside control module > test switch > knowledge: the switch is failed open > replace switch
,,10 cubes chain,,,Simple,Reversed polarity battery,Battery is installed in the wrong orientation,The led on the power supply module is off; All the leds on the control modules are off; The lamp does not turn on when battery is inserted and all switches are on,Initial observations > belief: battery is KO > test battery > adjust battery
,,10_cubes,unavailable indicators,mutimeter unavailable,,Disconnected switch 6,Switch 6 detached and all control LEDs and resistors removed and no multimeter available,The led on the power supply module is on; All control module leds are missing; Lamp does not turn on with battery and all switches on,
,,Doubly connected asymmetric chains,,,Double,Battery 1 depleted; Disconnected switch 1,Combination of the two failures,Lamp 1 does not turn on even when all switches are closed; All LED indicators are on except for the the indicators of supply 1 and control 1,Initial observations > belief: double failure in battery 1 and control 1 (or between supply 1 and control 1) > test battery 1 > replace battery 1 > inspect connections between supply 1 and control 1 > inspect connections inside control 1 > adjust cable
,,3 cubes chain with ambient sensor,,,�,"all the faults for the 3 cubes chain, mutata mutatis",,,
,,3 cubes chain with current sensor,,,�,"all the faults for the 3 cubes chain, mutata mutatis",,,
,,3 cubes chain with current sensor,,,Misleading,Shorted main lamp; Loose battery-cable connection,Combination of the two failures,Power supply LED occasionally on; Control module LED off; Lamp does off,Initial observations  > belief: connection loose between the battery and the supply module LED > inspect cables between the battery and the supply module LED > adjust cables between the battery and the supply module LED > belief: there is another failure > observe all LEDs  > belief: load KO or an open in load or control module > observe small lamp indicator to split the possible fault location in load or control module > belief: open in control module > inspect connections inside control module > test control output > test voltage across relay ports > belief: lamp does not turn on because relay is open > replace relay > belief: there is another failure > belief: there is a short downstream of the relay > test resistance across lamp > replace lamp